member_id,name,age,gender,location
1,Tammy French,81,M,"Port Lindachester, MA"
2,Mary Peck,35,M,"Lake Yvettetown, CO"
3,Joshua Holland,17,Other,"East Courtneychester, PA"
4,Samantha Jones,86,Other,"South Jeffrey, NE"
5,Eric Curry,11,Other,"Williamchester, MD"
6,Donna Martinez,4,M,"Juliechester, MH"
7,Melissa Bender,27,M,"Simsview, NV"
8,Katherine Miller,77,M,"Vargastown, CO"
9,Jeffrey Morris,25,Other,"Sanchezmouth, OK"
10,Brandon Hayden,89,Other,"Cindyville, VA"
11,Laura Sampson,28,F,"East Jamestown, RI"
12,Miss Debra Williams PhD,35,M,"Ashleyton, RI"
13,Matthew Moon,20,Other,"Williamchester, MD"
14,Kevin Walters,43,F,"East Donna, OH"
15,Brandon Bailey MD,27,F,"East Courtneychester, PA"
16,Shannon Rivera,11,F,"Coxberg, NY"
17,Donna Landry,45,F,"Port Loriport, CT"
18,Krista Gibson,33,M,"Taylormouth, MA"
19,Frank Cordova,58,Other,"Smithview, NY"
20,Jose Travis,48,M,"Ramseymouth, PW"
21,Kimberly Gutierrez,37,Other,"Port Tonyaton, MI"
22,Isaiah Avila,46,Other,"Sanchezfort, AS"
23,Olivia Harris,90,M,"Barbaraland, AZ"
24,Tanya Kim,84,M,"North Ricky, UT"
25,Barbara Dudley,37,M,"Port Richard, AR"
26,Cynthia Moore,12,F,"Sarahborough, TN"
27,Kristen Davis,58,Other,"South Angel, WA"
28,Susan Murray MD,20,F,"West Jasonbury, TN"
29,Kathleen Moran,26,Other,"South David, FM"
30,Denise Davenport,89,Other,"Melissaland, KY"
31,Mrs. Kristen Reyes,9,Other,"Zimmermanchester, HI"
32,Katie Suarez,21,Other,"Taylormouth, MA"
33,Desiree Tyler,31,M,"North Johnfort, RI"
34,Timothy Romero,48,F,"Christinaside, WI"
35,Diane Evans,88,Other,"South Lindseyside, CT"
36,Yvonne Burns,87,F,"East Johnside, CA"
37,Joshua Reed,7,M,"South Colinstad, PA"
38,Kimberly Gibson,40,F,"South David, FM"
39,Colin Terry,8,M,"West Nicholasborough, NH"
40,Cynthia Rowe,40,M,"Rogersfort, PR"
41,Patrick Thornton,63,F,"Marshallshire, KY"
42,Jasmin Alvarado,58,M,"North Brooke, TX"
43,Veronica Simpson,17,M,"Port Anna, ME"
44,Jonathan Lawrence,71,Other,"North Brooke, TX"
45,Shelly Alexander,74,F,"Port Susanton, WV"
46,Joyce Bowen,51,F,"South Lindseyside, CT"
47,Matthew Moore,17,Other,"Rivasside, NV"
48,Wayne Morgan,11,M,"Tashatown, TX"
49,Marie Christian,19,Other,"West Allison, PA"
50,Shannon James,87,F,"New Staciemouth, UT"
51,Nathan Malone,8,F,"Port Samantha, MI"
52,Amanda Jones,76,F,"Priceshire, UT"
53,Tammie Bright,32,Other,"New Roberttown, CO"
54,Jessica Garcia,87,Other,"Lake Nicoleview, WI"
55,Shelia Wallace,87,Other,"Port Alexandra, NV"
56,Stephanie Williams,34,Other,"North Charlesberg, ND"
57,Elaine Brooks,14,F,"New Ashley, MO"
58,Joseph Knight,20,F,"North Judithbury, IN"
59,Carolyn Miller,33,Other,"Port Jaredborough, KS"
60,Lisa Allen,22,Other,"South Patrickmouth, NC"
61,Briana Murray,80,F,"Christinaside, WI"
62,David Smith,64,Other,"Leeville, TN"
63,Stephanie Byrd,19,F,"Port Jaredborough, KS"
64,Jeremy Reed,20,Other,"Jacquelinemouth, CA"
65,Margaret Coleman,67,M,"Katieburgh, PA"
66,Ryan Gonzalez,41,F,"Lake Debra, ND"
67,John Young,14,F,"Cherylhaven, AL"
68,Laura Haney,30,M,"Saramouth, LA"
69,William Barrett,72,M,"Jasonfort, MO"
70,Keith Jennings,62,M,"Ashleyton, RI"
71,Amber Obrien,68,M,"New Rita, VI"
72,Tanner Mitchell DDS,84,F,"Johnsonmouth, TN"
73,Heather Fields,21,F,"Priceshire, UT"
74,Megan Le,77,F,"East Amanda, DC"
75,Sara Fuller,69,Other,"Michaelmouth, KY"
76,Maria Parker,25,Other,"Sarahville, FM"
77,Kevin Oconnor,51,Other,"Sanchezmouth, OK"
78,Edward Burgess,47,F,"East Patrick, FL"
79,Carlos Ryan,57,M,"Mooreport, IL"
80,Kiara Mcintyre,28,M,"Arnoldchester, OH"
81,Dawn Summers,2,Other,"Ramseymouth, PW"
82,Dr. Paul Morgan,29,Other,"South Lindseyside, CT"
83,Victor Taylor,0,M,"Tinaborough, LA"
84,Shannon Ramsey,80,M,"East Richard, NJ"
85,Tracy Ballard,8,M,"Calderonton, AL"
86,Richard Smith,9,Other,"South Aaron, MS"
87,Jordan Chambers,35,Other,"Port Steven, NC"
88,Lauren Carson,27,Other,"Meaganhaven, PA"
89,Ashley Hall,73,Other,"Port Michelleville, WI"
90,Stephen Hoffman,31,F,"South Rachelborough, KS"
91,Connie Brown,24,M,"Coxberg, NY"
92,Susan Turner,84,F,"West Jasonbury, TN"
93,Charles Shah,54,F,"South Robertshire, ID"
94,Johnathan Davis,6,Other,"Rogersfort, PR"
95,Brandy Chavez,82,M,"Michaelview, UT"
96,Natalie Bautista,51,Other,"Arnoldchester, OH"
97,Patrick Moore,13,M,"Sanchezfort, AS"
98,Brett Burns,24,Other,"New Thomas, MH"
99,Trevor Johnson,17,F,"East Carloston, VI"
100,Jeremy Sampson,35,F,"Mooreport, IL"
101,Ariana Jennings,9,F,"Johnsonmouth, TN"
102,Vanessa Howard,12,M,"Sanchezmouth, OK"
103,Colton Martinez,69,M,"Juliechester, MH"
104,Jordan Bates,30,M,"South Rachelborough, KS"
105,Linda Smith,62,F,"East Amanda, DC"
106,Dana Martinez,51,M,"Lake Larry, TN"
107,Andrea Hubbard,48,M,"Lake Jamesmouth, KY"
108,Daniel Kane,33,F,"Stephenland, AL"
109,Charles Lester,54,Other,"North Johnny, VI"
110,Scott Thomas,71,Other,"West Brandon, AR"
111,David Thompson,62,M,"Lewisberg, VA"
112,Allison Smith,37,M,"Reidstad, GA"
113,Cynthia Morris,74,Other,"Castanedachester, ND"
114,Anthony Harmon,7,Other,"West Darrell, CT"
115,Nichole Alvarez,7,M,"Port Susanton, WV"
116,Kayla Rodriguez,61,Other,"Priceshire, UT"
117,Theresa Williams,20,M,"Lake Justinview, MA"
118,Sharon Boyd,10,M,"East Steven, KY"
119,Victor Brown,76,M,"Brewerfort, NV"
120,James Parks,30,F,"Danielchester, GA"
121,Theodore Jones Jr.,72,M,"Lake Amberstad, IN"
122,Ana Hill,76,M,"Port Tonyaton, MI"
123,Kimberly Nguyen,10,F,"Hunterborough, MI"
124,Kerry Chavez DDS,74,Other,"North Robert, MA"
125,Michael Farrell,40,F,"Lake Deniseville, AR"
126,Patricia Le,85,Other,"West Darrell, CT"
127,Jesse Perez,30,F,"Sheilaville, FM"
128,Jesse Perry,16,Other,"Melissaland, KY"
129,Jeffery Ortega,38,F,"West Darrell, CT"
130,Christian Leblanc,9,M,"Jeffreyborough, FL"
131,Ronald Davis,79,Other,"Daviston, VI"
132,Parker Cain,9,Other,"East Amanda, DC"
133,Laurie Hoffman,64,F,"Meaganhaven, PA"
134,Bryan Gomez,44,M,"Hortonside, TN"
135,Nicole Parrish,47,F,"West Allison, PA"
136,Tracy Burke,56,Other,"Jennyhaven, PA"
137,Kenneth Lewis,38,Other,"Rogersfort, PR"
138,Courtney Rodriguez,67,M,"New Stacyland, IA"
139,Holly Farmer,70,F,"Matthewview, OH"
140,Renee Bruce,13,M,"North Brooke, TX"
141,Sabrina Austin,14,M,"Port Anna, ME"
142,Allison Hickman,70,M,"New Brooke, RI"
143,Debra White,36,Other,"Chandlerville, IA"
144,Ellen Morgan,43,M,"Transtad, NE"
145,Sergio Knight,81,F,"Simsview, NV"
146,Charles Schultz,62,F,"Port Craig, KY"
147,Paul Lewis,11,Other,"Williamchester, MD"
148,Glen Wood,35,M,"North Judithbury, IN"
149,Paula Bradley,42,M,"Christinaside, WI"
150,Anthony Moore,33,M,"Joneston, FL"
151,Megan Nelson,56,Other,"Jennyhaven, PA"
152,Karla Ramos,54,Other,"New Roberttown, CO"
153,Paul Wilson,14,M,"Michaelmouth, KY"
154,Douglas Gregory,19,Other,"Lindsaymouth, ND"
155,Mr. Andrew Foster,47,Other,"Ramseymouth, PW"
156,Aimee Turner,18,F,"New Rita, VI"
157,Chad Scott,5,F,"South Angel, WA"
158,Adam Burgess,5,F,"Chandlerville, IA"
159,James Padilla,87,M,"New Stacyland, IA"
160,Sandra Drake,13,F,"Jacquelinemouth, CA"
161,Scott Williams,71,F,"Port Tonyaton, MI"
162,Thomas Atkins,19,M,"Brandtside, WV"
163,Laura Mckinney,22,F,"Port Lindachester, MA"
164,Brian Smith,22,Other,"Kellieview, GA"
165,Robert Montgomery,52,Other,"Wilsonland, MO"
166,Tamara Davis,31,F,"West Allison, PA"
167,Dana Chapman,89,M,"Port Samantha, MI"
168,Jennifer Collins,4,F,"South Lindseyside, CT"
169,Gary Jackson,25,F,"Andersonport, MN"
170,Ashley Hicks,39,M,"Lake Yvettetown, CO"
171,Hannah Luna,3,Other,"Sanchezfort, AS"
172,Robin Young,51,F,"Sarahborough, TN"
173,Craig Morrison,8,F,"Andersonport, MN"
174,Mary Thompson,82,Other,"Gregoryview, AZ"
175,Kathleen Webster,86,Other,"Calderonton, AL"
176,Joann Glass,3,M,"North Susan, CO"
177,Madison Weber,22,Other,"North Brooke, TX"
178,Lori Hernandez,4,M,"New Staciemouth, UT"
179,Jeremy Turner,55,F,"Taylormouth, MA"
180,Anthony Romero,40,F,"West Barbarafurt, MO"
181,Jesse Brown,65,M,"Loribury, IN"
182,Angela Lin,73,M,"Brianshire, NJ"
183,Lisa Hunter,5,Other,"New Ashley, MO"
184,Julian Conner,0,Other,"Smithstad, ME"
185,Joanna Pacheco,87,Other,"Joneston, FL"
186,Erica Alvarez,85,M,"South Angel, WA"
187,Antonio Garcia,55,M,"New Stacyland, IA"
188,Gwendolyn Klein,42,Other,"West Darrell, CT"
189,Carrie Wright,84,M,"Heidiberg, SC"
190,Jeffrey Mills,38,Other,"Sarahville, FM"
191,Jake Campbell,85,F,"Kington, CO"
192,George Harper,51,Other,"New Jasonview, DC"
193,Maria Jones,70,M,"Sanchezfort, AS"
194,Michael Mitchell,53,Other,"Port Samantha, MI"
195,Mary Escobar,86,Other,"East Jeffreymouth, AK"
196,Felicia Aguilar,78,Other,"Ericside, VT"
197,Gregory Ponce,51,Other,"North Judithbury, IN"
198,Jenna Larson,38,F,"Chandlerville, IA"
199,Emily Bennett,55,Other,"West Barbarafurt, MO"
200,Robin Santiago,83,F,"South Robertshire, ID"
201,Nancy Jennings,56,F,"Brewerfort, NV"
202,Maria Henderson,27,Other,"Port Michelleville, WI"
203,Jack White,21,Other,"Jasonfort, MO"
204,Travis Tucker,36,Other,"Matthewview, OH"
205,Chad Jones,81,Other,"Kellieview, GA"
206,Ashley Wise,11,M,"Brewerfort, NV"
207,Sophia Johnson,39,M,"Leeville, TN"
208,Ralph Anderson,18,M,"Barbaraland, AZ"
209,Christopher Guerra,31,F,"North Brittany, MP"
210,Rhonda Martin,9,F,"West Ryan, TN"
211,Jason Rhodes,80,Other,"Sanchezfort, AS"
212,Jeremy Mitchell,89,F,"Rivasside, NV"
213,Joann Ferguson,51,M,"East Natalieland, CO"
214,Robert Harrison,83,Other,"Lake Curtis, WA"
215,Holly Valentine,13,F,"South Lindseyside, CT"
216,Mrs. Diane Reyes,22,Other,"East Patrick, FL"
217,Tracy Montoya,59,M,"New Amanda, PW"
218,Brenda Wright,31,M,"Clarencebury, TX"
219,Shelly Spencer,17,F,"New Stacyland, IA"
220,Ryan Rosales,67,Other,"New Staciemouth, UT"
221,Phillip Nelson,40,F,"North Brittany, MP"
222,Brittany Kim,64,F,"Johnsonmouth, TN"
223,Courtney Hayes,57,M,"Port Anna, ME"
224,Alexander Brown,60,F,"North Susan, CO"
225,Cynthia Vang,31,Other,"South Dianeshire, NC"
226,Alfred Galvan,66,F,"Alexanderchester, GU"
227,Marie Moody,30,F,"West Justinchester, WY"
228,Dustin Gallegos,9,Other,"Stephenland, AL"
229,Brenda Thornton,30,F,"Kellieview, GA"
230,Aaron Miller,40,Other,"Carlshire, FM"
231,Ruben Dunn,17,M,"Port Richard, AR"
232,Kelsey Rodriguez,49,Other,"East Donna, OH"
233,Eric Williams,90,M,"New Cynthiaside, VA"
234,Riley Bryant,53,F,"Calderonton, AL"
235,Taylor Carlson,69,F,"West Ryan, TN"
236,Jose Allen,7,M,"Cindyville, VA"
237,Jeffrey Mendez,49,Other,"West David, ND"
238,Jason Beck,2,Other,"Port Samantha, MI"
239,William Jones,61,M,"West Jasonbury, TN"
240,Katie Mcneil,38,F,"Cindyville, VA"
241,Jeanette Harrison,68,Other,"Wilsonland, MO"
242,Veronica King,69,Other,"South Lindseyside, CT"
243,Richard Cooper,62,M,"New Brooke, RI"
244,Lori Ingram,55,F,"Ericmouth, CT"
245,Evelyn Williams,49,F,"Freemanbury, UT"
246,Robin Thompson,86,F,"Garciatown, OK"
247,Julie Dominguez,21,F,"New Rita, VI"
248,Robin Brown,79,Other,"Port Lindachester, MA"
249,Judith Carter,50,Other,"Taylormouth, HI"
250,Curtis Williams,84,M,"Jasonfort, MO"
251,Kaylee Hays,82,F,"East Nathaniel, GA"
252,Dawn Mullins,59,M,"Port Keith, CO"
253,Howard Norman,33,F,"Kington, CO"
254,Evelyn Martinez,27,F,"Kington, CO"
255,Steve Paul,43,F,"Sarahborough, TN"
256,Jasmine Beltran,53,F,"Carlshire, FM"
257,Jonathan Glass MD,60,M,"East Davidchester, PA"
258,Monica Miller,69,M,"Andersonport, MN"
259,Samantha Gardner,28,Other,"East Steven, KY"
260,Bobby Guerrero,83,M,"Evansshire, NE"
261,Lance Simmons,3,M,"Gomezchester, NH"
262,Heather Williams,2,Other,"East Donna, OH"
263,Heather Bolton,30,M,"Port Michelleville, WI"
264,William Gould,85,M,"Taylormouth, HI"
265,Mark Cox,27,F,"East Javier, NJ"
266,Meghan Cisneros,32,F,"Lake Larry, TN"
267,Lawrence Harrington,77,Other,"East Davidchester, PA"
268,Austin Osborne,14,M,"Sarahville, FM"
269,James Bradley,13,Other,"Port Lindachester, MA"
270,Meghan Rush,39,Other,"North Kellyfurt, UT"
271,Phillip Berry,48,F,"West Brandon, AR"
272,Jennifer Banks,25,M,"East David, TN"
273,Brian Fitzgerald,88,Other,"Hortonside, TN"
274,Mr. Justin Green III,13,Other,"North Ricky, UT"
275,Zachary Mitchell,38,Other,"Katieburgh, PA"
276,Katherine Martinez,15,Other,"South Christianport, MP"
277,Jodi Roach,44,Other,"Terryside, DC"
278,Brandon Fleming,84,F,"East Steven, KY"
279,Emma Reed,64,Other,"North Charlesberg, ND"
280,Joshua Vance,1,F,"Stephaniemouth, RI"
281,Michelle Ho,13,F,"East Michelle, AS"
282,Rebecca Hicks,81,F,"Tinaborough, LA"
283,Curtis Taylor,19,F,"New Jeffrey, CA"
284,Allison Spencer,66,Other,"New Brooke, RI"
285,Robert Arnold,78,Other,"Carterbury, LA"
286,Angelica Parker,61,F,"New Ashley, MO"
287,Dr. Kelly Hammond DVM,75,F,"Jamesview, NY"
288,William Day,31,M,"Sarahborough, TN"
289,Michael Cooper,57,M,"Port Alexandra, NV"
290,Penny Bowman,59,Other,"North Brittany, MP"
291,Vincent Reynolds,85,F,"Arnoldchester, OH"
292,Amy Martinez,3,F,"Kington, CO"
293,Christopher Morris,23,F,"East Amanda, DC"
294,Hannah Everett,45,F,"North Charlesberg, ND"
295,Sarah King,35,Other,"East Javier, NJ"
296,Krista Martinez,35,Other,"New Roberttown, CO"
297,Joseph Shaw,66,M,"Jasonfort, MO"
298,Todd Moore,30,Other,"South Rachelborough, KS"
299,Michelle Jacobs,62,Other,"Ashleyton, RI"
300,Kristy Bryan,30,Other,"Port Michelleville, WI"
301,Angel May,82,Other,"Stephaniemouth, RI"
302,Marilyn Wang,57,M,"Juliechester, MH"
303,Mark Jimenez,37,M,"New Ryanmouth, NE"
304,Donna Frye,88,M,"Cherylhaven, AL"
305,Dr. Michael Evans,84,Other,"Kimberlychester, AS"
306,Anthony Gonzales,60,Other,"Priceshire, UT"
307,Mr. Lawrence Edwards,44,F,"Port Anna, ME"
308,Morgan Valencia,70,F,"West Jasonbury, TN"
309,Bianca Wood,89,F,"New Brooke, RI"
310,Emma Owens,39,F,"Port Richard, AR"
311,David Davis,15,Other,"Sanchezfort, AS"
312,James Gilbert,40,M,"Port Anna, ME"
313,Sean Moore,68,Other,"Chadbury, KY"
314,Kenneth Edwards,24,M,"Joneston, FL"
315,Kathleen Robertson,61,F,"Garciatown, OK"
316,Mr. Alexander Landry MD,75,Other,"New Staciemouth, UT"
317,Cindy Gomez,36,M,"Sanchezfort, AS"
318,Johnny Khan,37,M,"East Michelle, AS"
319,Julie Herrera,22,F,"East William, AK"
320,Jessica Khan,90,Other,"New Rita, VI"
321,Pamela Diaz,35,M,"Port Craig, KY"
322,Kelly Lee,70,F,"West David, ND"
323,Angel Gordon,16,Other,"Port Alexandra, NV"
324,Diana Hays,62,M,"East William, AK"
325,Barbara Hester,73,F,"Snyderbury, FL"
326,Robert Morgan,61,F,"North Charlesberg, ND"
327,Nicole Gonzalez,23,M,"New Jillton, WA"
328,Kathryn Williams,61,M,"New Cynthiaside, VA"
329,Gary Wells,51,F,"Lake Mark, WI"
330,Larry Robertson,73,Other,"Transtad, NE"
331,Louis Martin,6,M,"Cabreraside, WI"
332,Nancy Evans MD,72,F,"Jasonfort, MO"
333,Kim Erickson,31,M,"New Amanda, PW"
334,Robert Richardson,53,Other,"New Staciemouth, UT"
335,Veronica Silva,79,M,"Carterbury, LA"
336,Molly Watts,66,F,"Lake Christopher, NY"
337,John Coffey,56,F,"East Jamestown, RI"
338,Paula Lane,54,F,"West Nicholasborough, NH"
339,Lauren Jackson,79,M,"North Brittany, MP"
340,Lisa Randall,12,M,"Alexanderchester, GU"
341,Michael Johnson,27,F,"Matthewview, OH"
342,Ashley Smith,10,M,"Saramouth, LA"
343,Christian Vaughn,22,Other,"East Lydiamouth, MO"
344,Reginald Knapp,20,M,"South Rachelborough, KS"
345,Nancy Brown,57,Other,"New Staciemouth, UT"
346,Daniel Nguyen,60,F,"South Colinstad, PA"
347,Kelly Edwards,29,F,"Jennyhaven, PA"
348,Thomas Peterson,36,Other,"Clarencebury, TX"
349,Raymond Le,9,Other,"Port Richard, AR"
350,Melissa Bishop,33,Other,"East Jamestown, RI"
351,David Grant,84,M,"Williamchester, MD"
352,William Evans,14,Other,"Lake Yvettetown, CO"
353,Daniel Bush,82,M,"South David, FM"
354,Gregory Peck,18,M,"Michaelview, UT"
355,Denise Martinez,21,F,"New Staciemouth, UT"
356,Jamie Baird,72,F,"West Justinchester, WY"
357,Tina Ballard,15,F,"Michaelmouth, KY"
358,Dwayne Klein,38,Other,"New Ryanmouth, NE"
359,Jeremy Scott,34,Other,"Castanedachester, ND"
360,Dale Ryan,63,F,"Carlshire, FM"
361,Melissa Taylor,76,M,"South Elizabeth, MS"
362,Laurie Sanchez,41,Other,"New Jillton, WA"
363,Kiara Little,3,M,"East Richard, NJ"
364,Jason Love,86,Other,"East Jamestown, RI"
365,Randy Smith,2,Other,"South David, FM"
366,Tanya Russell,73,M,"Port Jaredborough, KS"
367,Sherry Woods,22,F,"East Patrick, FL"
368,Victor Morris,83,F,"Sarahborough, TN"
369,Susan Davis,23,Other,"New Ashley, MO"
370,Kimberly Sharp,81,F,"Juliechester, MH"
371,Susan Thompson,60,F,"South Rachelborough, KS"
372,Casey Gillespie,42,F,"Freemanbury, UT"
373,Jennifer Simpson DVM,13,M,"Calderonton, AL"
374,Tammy Mcdowell,52,Other,"Rivasside, NV"
375,Keith Rodriguez,36,Other,"Gregoryview, AZ"
376,Mrs. Virginia Daniels,70,M,"Clarencebury, TX"
377,Todd Rosales MD,11,F,"New Jillton, WA"
378,Brian Martin,41,M,"North Ricky, UT"
379,David Lopez,51,Other,"North Judithbury, IN"
380,Rachel Bradley,84,Other,"North Johnfort, RI"
381,Casey Chase,52,M,"Lewisberg, VA"
382,Samantha Robertson,66,F,"Stanleyland, NY"
383,Michael Lopez,63,Other,"Stevenmouth, TX"
384,Franklin Wright,6,M,"South David, FM"
385,David Molina,70,M,"Stephenland, AL"
386,Elizabeth Sharp,56,Other,"Port Steven, NC"
387,Matthew Schwartz,15,M,"Garciastad, SC"
388,Bryan Parker,77,M,"Tinaborough, LA"
389,Jonathan Jacobson,20,F,"Ramseymouth, PW"
390,Emily Wilson,1,Other,"South Rachelborough, KS"
391,Elizabeth Mendez,11,M,"Lake Nicoleview, WI"
392,Casey Hernandez,59,M,"Melissaland, KY"
393,Lisa Perry,19,F,"West Brandon, AR"
394,Kaitlin Medina,37,Other,"Jennyhaven, PA"
395,Colleen Wright,34,F,"New Johnville, NH"
396,Shelley Miller,60,M,"Clarencebury, TX"
397,Michael Miller,70,M,"Loribury, IN"
398,Amy Kelley,24,Other,"Lake Justinview, MA"
399,Laura Hernandez,17,M,"South Dianeshire, NC"
400,Joseph Wilson,53,F,"Simsview, NV"
401,Kevin Davis,34,M,"Johnfurt, DC"
402,Rhonda Chavez,38,Other,"Lake Amberstad, IN"
403,Joyce Brown,84,F,"Cabreraside, WI"
404,Robert Cummings,57,Other,"New Johnville, NH"
405,Robert Reese,44,F,"Ramseymouth, PW"
406,Amber Cooper,69,F,"Clarencebury, TX"
407,Zachary Michael,41,M,"West David, ND"
408,Timothy Johnson,30,Other,"Loribury, IN"
409,Randy Cannon,29,F,"Barbaraland, AZ"
410,Maria Fisher,40,Other,"Port Michelleville, WI"
411,Janet Kane DVM,90,F,"Loribury, IN"
412,Michael Stanley,84,Other,"Cabreraside, WI"
413,Martha Bailey,63,M,"New Rita, VI"
414,Joshua Rice,64,Other,"Calderonton, AL"
415,Courtney Smith,12,F,"Daviston, VI"
416,Edwin Nunez,67,F,"East William, AK"
417,Kim Morrow,18,F,"Rogersfort, PR"
418,Gregory Hill,19,M,"Snyderbury, FL"
419,Molly Rodriguez,33,F,"Stanleyland, NY"
420,Jennifer Miranda,88,F,"Sanchezmouth, OK"
421,Alexis Harris,10,F,"Brewerfort, NV"
422,Andrew Harper,68,F,"West Juan, IL"
423,Amber Yang,80,Other,"Ashleyton, RI"
424,David Robinson,62,Other,"Lindsaymouth, ND"
425,Amy Gordon,79,M,"South Aaron, MS"
426,Robert Dennis,80,Other,"Stephenland, AL"
427,Kyle Chambers,29,Other,"Juliechester, MH"
428,Eric Thomas,55,M,"Ashleyton, RI"
429,Connie Turner,81,Other,"Daviston, VI"
430,Travis Hobbs,56,M,"Johnville, VA"
431,Lori Simmons,38,M,"Barbaraland, AZ"
432,William David DDS,41,M,"New Jasonview, DC"
433,Emma Butler,45,F,"South Elizabeth, MS"
434,James Webster,18,M,"Priceshire, UT"
435,Samuel Turner,52,Other,"West Elizabeth, MN"
436,Renee Melendez,23,M,"East Jeffreymouth, AK"
437,Tracy Grant,10,Other,"Port Samantha, MI"
438,David Harris,79,Other,"Saramouth, LA"
439,Tammy Boone,63,Other,"Natashaport, IA"
440,Nathaniel Lee,29,F,"Christinaside, WI"
441,Michael Morrison,32,F,"Brianshire, NJ"
442,Chelsea Gill,85,M,"South Robertshire, ID"
443,Kristin Mendoza,36,Other,"South Jeffrey, NE"
444,Felicia Krueger,20,M,"Stevenmouth, TX"
445,Timothy Hayden,44,Other,"Nicolebury, MN"
446,Zachary Mendoza,81,F,"Michaelmouth, KY"
447,Larry Harris,32,F,"Ericside, VT"
448,Kristen Rowe,25,F,"New Johnville, NH"
449,Joseph Howard,13,M,"Port Samantha, MI"
450,Jose Crawford,73,F,"Kingland, NJ"
451,William Harrison,37,Other,"New Jasonview, DC"
452,Suzanne Wood,2,Other,"Sheilaville, FM"
453,Justin Walker,35,M,"Taylormouth, HI"
454,Dean Donovan,87,Other,"Port Keith, CO"
455,Jennifer Hernandez,77,Other,"Lake Michelle, NV"
456,James Whitaker,36,M,"West Barbarafurt, MO"
457,Mr. Michael Scott PhD,45,M,"Zimmermanchester, HI"
458,Maria Henry,24,Other,"New Jillton, WA"
459,Robert Jackson,86,Other,"East Johnside, CA"
460,Katherine Stark,84,Other,"New Mariotown, DE"
461,Maria Brown,80,M,"Alexanderchester, GU"
462,Ryan Landry,82,M,"Sarahville, FM"
463,Pamela Gutierrez,56,M,"Lake Amberstad, IN"
464,Crystal Mann,46,Other,"Meaganhaven, PA"
465,Jonathan Brooks,11,F,"Kington, CO"
466,Mary Jensen,53,M,"Gomezchester, NH"
467,Mr. Aaron Arnold,16,Other,"South Angel, WA"
468,Joseph Hill,67,Other,"New Brooke, RI"
469,Alicia Li,21,F,"New Johnville, NH"
470,Renee Browning,37,Other,"Arnoldchester, OH"
471,Brent Hernandez,14,F,"East Lydiamouth, MO"
472,Joseph Ochoa,18,M,"North Kellyfurt, UT"
473,James Watson,86,F,"New Amanda, PW"
474,Karl Branch,46,M,"Sheilaville, FM"
475,Michael Abbott,1,F,"Smithstad, ME"
476,Shannon Malone,15,F,"Kimberlychester, AS"
477,James Tran,86,Other,"Brewerfort, NV"
478,Adam Jackson,33,Other,"Port Samantha, MI"
479,Mr. Richard Knight PhD,81,F,"South Patrickmouth, NC"
480,Joseph Williams,86,M,"Snyderbury, FL"
481,Sean Clay,3,Other,"Vargastown, CO"
482,Anthony Jones,41,Other,"South Lindseyside, CT"
483,Stephanie Elliott,82,M,"Zimmermanchester, HI"
484,Timothy Edwards,59,Other,"Ericside, VT"
485,Laurie Goodwin,83,F,"Lake Nicoleview, WI"
486,Jennifer Jones,17,M,"Lindsaymouth, ND"
487,David Davenport,38,F,"Lake Nicoleview, WI"
488,Steven Rivera,12,M,"Smithstad, ME"
489,Brenda Hinton,17,F,"Clarencebury, TX"
490,Kathryn Mccann,47,Other,"Port Anna, ME"
491,Jeffrey Roberson,89,Other,"Cindyville, VA"
492,Randy Friedman,75,Other,"Taylormouth, MA"
493,Raymond Johnson,19,F,"Rogersfort, PR"
494,Willie Henry,12,F,"North Heidi, ME"
495,Todd Reynolds,52,F,"South Colinstad, PA"
496,Mary Miller,88,F,"Whitemouth, IA"
497,Rebecca Marquez,56,F,"South Aaron, MS"
498,Christian Dawson,46,M,"Transtad, NE"
499,Nancy Stewart,47,Other,"Melissaland, KY"
500,Aaron Parker,45,M,"Sheilaville, FM"
501,Derrick Anderson,35,M,"Smithview, NY"
502,Jerry Peters,58,M,"Matthewview, OH"
503,Alexander Gomez,27,Other,"Christinaside, WI"
504,Kyle Nguyen,76,M,"Port Keith, CO"
505,Edgar Hughes,42,M,"New Rita, VI"
506,Steven Stein,72,M,"East Steven, KY"
507,Laura Jackson,70,M,"East Jamestown, RI"
508,Charles Turner,27,M,"Calderonton, AL"
509,Arthur Hamilton MD,18,Other,"North Judithbury, IN"
510,Mr. David Wright,35,M,"Meaganhaven, PA"
511,Linda Gonzalez,69,F,"East Jeffreymouth, AK"
512,Eric Rush,14,Other,"Port Lindachester, MA"
513,Manuel Brock,16,M,"West Kimberlychester, RI"
514,George Ochoa,30,Other,"Jamesview, NY"
515,Valerie Taylor,2,M,"North Brooke, TX"
516,Travis Harris,6,M,"Joneston, FL"
517,Vincent Novak,53,Other,"Lake Nicoleview, WI"
518,Michael Henry,8,F,"New Thomas, MH"
519,Dana Bennett,46,Other,"East David, TN"
520,Jenna Wilson,13,F,"Karenview, WI"
521,Leslie Gardner,28,Other,"Barbaraland, AZ"
522,Krista Benton,84,Other,"Ericside, VT"
523,Michael Gonzales,58,Other,"Ericmouth, CT"
524,Michael Fuentes,7,F,"Gregoryview, AZ"
525,Jennifer Porter,54,Other,"South Patrickmouth, NC"
526,Dana Hopkins,62,Other,"Stevenmouth, TX"
527,Rachel Jones,9,M,"Jamesview, NY"
528,Karen Morales DDS,77,M,"New Cynthiaside, VA"
529,Melissa Stephens,16,F,"Stanleyland, NY"
530,Heather Woodard,81,Other,"Johnsonmouth, TN"
531,Margaret Miller,41,F,"New Staciemouth, UT"
532,Mary Kelly,67,F,"Clarencebury, TX"
533,Amanda Terrell,64,Other,"South Elizabeth, MS"
534,Jennifer Goodwin,12,Other,"Lake Nicoleview, WI"
535,Jessica Smith,83,Other,"East Johnside, CA"
536,Jorge Stone,70,Other,"Whitemouth, IA"
537,Laura Griffin,55,F,"East Richard, NJ"
538,Raymond Chapman,52,F,"Clarencebury, TX"
539,Haley Johnson,51,F,"Taylormouth, MA"
540,Jason Nixon,12,F,"Terryside, DC"
541,Todd Thomas,40,Other,"Brianshire, NJ"
542,Jesse Clark,47,M,"Transtad, NE"
543,Mr. Jeffrey Horton,60,M,"Juliechester, MH"
544,Eric Patrick,10,M,"South Elizabeth, MS"
545,Samuel Wong,12,Other,"Joneston, FL"
546,Carly Riggs,47,M,"New Amanda, PW"
547,Christopher Moore,7,Other,"Vargastown, CO"
548,Tina Hall,71,F,"Freemanbury, UT"
549,Cody Davidson,15,F,"West Jasonbury, TN"
550,Allen Mendez,85,F,"Heidiberg, SC"
551,Kevin Price,6,F,"Katieburgh, PA"
552,Christine Goodwin,39,F,"East Courtneychester, PA"
553,Amy Garcia,73,Other,"East Amanda, DC"
554,Chelsea Nguyen,19,Other,"New Johnville, NH"
555,Dennis Huffman,28,M,"Andersonport, MN"
556,Margaret Harper,71,F,"Lake Nicoleview, WI"
557,Laurie Bailey,35,Other,"Lake Yvettetown, CO"
558,Lisa Cervantes,54,Other,"East Johnside, CA"
559,Elizabeth Mendez,79,Other,"Brewerfort, NV"
560,Cesar Wilson,82,Other,"Port Lindachester, MA"
561,Clayton Steele,77,Other,"Johnville, VA"
562,Jennifer Taylor,34,M,"East Carloston, VI"
563,Cody Reid,34,Other,"Port Jaredborough, KS"
564,Maria Cooke,39,F,"Andersonport, MN"
565,Katherine Taylor,0,M,"Natashaport, IA"
566,Jerry Brown,72,Other,"Gregoryview, AZ"
567,Adam Taylor,8,M,"Joneston, FL"
568,Tracey Wagner,81,M,"Juliechester, MH"
569,Michael Perry PhD,67,M,"South Monicafort, IN"
570,Bradley Johnson DDS,53,F,"North Charlesberg, ND"
571,Donald Medina,20,F,"Sarahville, FM"
572,Jim Newton,41,Other,"New Staciemouth, UT"
573,Krista Wilson,10,M,"East Donna, OH"
574,Reginald Morrow,20,Other,"Port Keith, CO"
575,Rodney Williams,86,M,"New Brooke, RI"
576,Kimberly Fritz,56,Other,"Williamchester, MD"
577,Ronald Potter,62,Other,"Stevenmouth, TX"
578,Zachary Cole,53,F,"Whitemouth, IA"
579,Robert Gonzales,65,M,"Port Mikeside, FL"
580,Patricia Young PhD,55,M,"Johnfurt, DC"
581,Heather Page,86,Other,"East David, TN"
582,Carol Taylor,62,Other,"New Stacyland, IA"
583,Daniel Brown,39,M,"South Lindseyside, CT"
584,Douglas Ryan,50,Other,"Reidstad, GA"
585,Michael Roberts,0,M,"Ericside, VT"
586,Scott Duke,27,M,"Port Jaredborough, KS"
587,Anna Estes,32,F,"Kington, CO"
588,Tamara Riddle,15,M,"Lake Michelle, NV"
589,Beth Cline,55,M,"Meaganhaven, PA"
590,Michael Poole,48,Other,"Jennyhaven, PA"
591,Megan Burns,29,Other,"Vargastown, CO"
592,Debra Perry,85,F,"Lake Mark, WI"
593,Mark Beard,50,Other,"South Christianport, MP"
594,Jose Ramirez,55,M,"Jeffreyborough, FL"
595,Jackie Clements,9,F,"Kingland, NJ"
596,Aaron Schroeder,54,Other,"New Ryanmouth, NE"
597,Monica Ellis,90,Other,"West Ryan, TN"
598,Heather Brown,37,M,"New Ryanmouth, NE"
599,Claudia Jordan,2,F,"Samuelhaven, NV"
600,Derrick Clayton,79,F,"Michaelmouth, KY"
601,Kenneth Knight,46,M,"New Ashley, MO"
602,Mr. Michael Williams,13,M,"New Ashley, MO"
603,Richard Stevens,75,F,"Perryborough, MP"
604,Scott Alexander,10,F,"Sarahville, FM"
605,Tyler Harris,43,M,"Kellieview, GA"
606,Bonnie Santos,21,M,"Lake Justinview, MA"
607,Timothy Hill,81,M,"Priceshire, UT"
608,Danielle Watson,65,M,"Carterbury, LA"
609,Carol Sanders,44,F,"Taylormouth, MA"
610,Michael Young,82,M,"South Aaron, MS"
611,Michele Smith,13,M,"Brianshire, NJ"
612,Casey Perez,25,M,"Port Loriport, CT"
613,Alexandra Dominguez,19,Other,"East Lydiamouth, MO"
614,Virginia Henderson,22,Other,"Rivasside, NV"
615,Benjamin Reyes,59,Other,"Ashleyton, RI"
616,Ashley Edwards,74,F,"West Elizabeth, MN"
617,Breanna Ayala,72,Other,"Zimmermanchester, HI"
618,Brandi Haney,79,F,"Alexanderchester, GU"
619,Joseph Smith,40,M,"West Justinchester, WY"
620,Jessica Bowen,8,F,"Stevenmouth, TX"
621,Brittany Jenkins,80,F,"South Dianeshire, NC"
622,Shannon Miller,75,M,"West Jasonbury, TN"
623,Paul Lawrence,64,M,"Sarahville, FM"
624,Victor Edwards,59,F,"Lindsaymouth, ND"
625,Donald Miller,7,F,"Stephenland, AL"
626,Lindsay Lawson,9,Other,"Juliechester, MH"
627,Melissa Abbott,78,Other,"Simsview, NV"
628,Elizabeth Holmes,49,F,"Lake Amberstad, IN"
629,Nicole Phillips,70,Other,"South Christianport, MP"
630,Steven Blevins,57,Other,"Sanchezmouth, OK"
631,Brian Porter MD,24,F,"Port Loriport, CT"
632,Vanessa Hatfield,60,Other,"Cabreraside, WI"
633,Bonnie Valencia,7,F,"East Courtneychester, PA"
634,Holly Vega,43,Other,"Jasonfort, MO"
635,Tiffany Townsend,64,Other,"East Jeffreymouth, AK"
636,Austin Baker,5,M,"Tinaborough, LA"
637,Antonio Mccormick,56,F,"Perryborough, MP"
638,Lori Mason,66,Other,"West Allison, PA"
639,Michael Miller,46,F,"Johnfurt, DC"
640,Lisa Ramirez,49,F,"Carterbury, LA"
641,Jorge Harris,43,Other,"Katieburgh, PA"
642,Kimberly Myers,6,Other,"Melissaland, KY"
643,Sandra Becker,42,M,"Calderonton, AL"
644,Michael Blair,12,Other,"North Kellyfurt, UT"
645,Amy Miller,49,F,"New Jillton, WA"
646,Jesse Lynch,84,Other,"Cabreraside, WI"
647,Patrick Yang,42,M,"Port Susanton, WV"
648,Michael Miles,84,M,"Andersonport, MN"
649,Troy Mills,39,Other,"West David, ND"
650,Michelle Jackson,84,F,"Meaganhaven, PA"
651,Richard Adams,76,Other,"Jasonfort, MO"
652,Patricia Johnson,39,Other,"South Monicafort, IN"
653,Denise Brown,82,F,"New Rita, VI"
654,Laura Jones,85,Other,"Joneston, FL"
655,Ian Porter,87,Other,"Juliechester, MH"
656,Holly Scott,82,Other,"Williamchester, MD"
657,Kenneth Sharp,65,F,"Lake Debra, ND"
658,Jordan Williams,46,F,"East Carloston, VI"
659,Dana Ruiz,27,F,"East Johnside, CA"
660,Chris Velazquez,62,M,"Lake Yvettetown, CO"
661,Kristen Sloan,17,M,"East Lydiamouth, MO"
662,Jennifer Morris,37,M,"Simsview, NV"
663,Nathan Nelson,69,Other,"Perryborough, MP"
664,Jake Shaw,4,Other,"Arnoldchester, OH"
665,Cassie Brock,79,M,"New Staciemouth, UT"
666,Dr. Andrea Marshall,48,M,"Brandtside, WV"
667,Ryan Murphy,23,Other,"North Ricky, UT"
668,Aimee Gonzalez,79,M,"Heidiberg, SC"
669,Elizabeth Dean,56,M,"Lake Ryanhaven, AS"
670,Kevin Snyder,46,Other,"Heidiberg, SC"
671,Christie Mccullough,30,F,"North Brittany, MP"
672,Danielle Smith,36,Other,"New Thomas, MH"
673,David Reed,29,Other,"Saramouth, LA"
674,Sherry Tapia,39,F,"Sanchezfort, AS"
675,Matthew Sweeney,47,Other,"Matthewfurt, KY"
676,Ashley Moreno,56,F,"East Johnside, CA"
677,Johnathan Brown,36,F,"Karenview, WI"
678,Michelle Davis DVM,67,F,"Brandtside, WV"
679,Kelly Haynes,25,Other,"New Mariotown, DE"
680,William Miller,32,M,"Marshallshire, KY"
681,Casey Wilkins,61,F,"Ramseymouth, PW"
682,Keith Graham,13,Other,"East Patrick, FL"
683,Cynthia Green,15,F,"Jasonfort, MO"
684,Robert Haynes,20,F,"Lake Christopher, NY"
685,Emily Nelson,65,M,"New Ashley, MO"
686,Dale Chan,11,M,"Lake Christopher, NY"
687,Brittney Martin,44,M,"West Ryan, TN"
688,Jason Herrera,6,F,"Karenview, WI"
689,Christine Parker,47,M,"Loribury, IN"
690,Bryan Moore,10,F,"Lake Yvettetown, CO"
691,Samantha Terry,3,F,"Daviston, VI"
692,Russell Murphy,83,F,"East Natalieland, CO"
693,David Kelly,17,M,"Stephenland, AL"
694,Megan Green,60,Other,"New Mariotown, DE"
695,Amanda Sullivan MD,90,F,"New Thomas, MH"
696,Danielle Murray,78,M,"Carlshire, FM"
697,Brenda Smith,2,F,"Whitemouth, IA"
698,Vickie Anderson,19,Other,"Taylormouth, MA"
699,Jacqueline Mccoy,77,Other,"Williamchester, MD"
700,Lauren Green,14,F,"South Aaron, MS"
701,Alison Brown,38,M,"Port Keith, CO"
702,Jill Anderson,30,F,"Christinaside, WI"
703,Sandra Rivera,79,F,"New Cynthiaside, VA"
704,Joel Jackson,14,F,"New Staciemouth, UT"
705,Samantha Foster,68,M,"Garciastad, SC"
706,Michael Thompson,65,Other,"Saramouth, LA"
707,Cody Ramirez,18,F,"Terryside, DC"
708,Amanda Harvey,0,Other,"West Jasonbury, TN"
709,Edward Jenkins,30,Other,"West Ryan, TN"
710,Amy Ramirez,23,Other,"Freemanbury, UT"
711,Curtis Wilkerson,10,Other,"East Michelle, AS"
712,Lydia Pham,8,Other,"South Jeffrey, NE"
713,Virginia Casey,64,Other,"Ramseymouth, PW"
714,Joshua Washington,2,F,"Snyderbury, FL"
715,Kathryn Price,5,Other,"Lake Jamesmouth, KY"
716,Francis Robinson,47,F,"East Davidchester, PA"
717,Paula Brown,2,F,"East Steven, KY"
718,Kendra Wang DVM,44,M,"North Johnny, VI"
719,Ariel Sandoval,84,Other,"East Courtneychester, PA"
720,Robert Stark,74,Other,"Evansshire, NE"
721,Zachary Robinson,42,M,"Barbaraland, AZ"
722,Rebecca Kelly,45,Other,"Arnoldchester, OH"
723,Sarah Thompson,82,M,"Jacquelinemouth, CA"
724,Renee Wolfe,87,F,"West David, ND"
725,Alyssa Haynes,61,Other,"East Carloston, VI"
726,Kristy Hart,17,M,"West Brandon, AR"
727,William Keith,58,M,"New Jasonview, DC"
728,Eric Henry Jr.,25,M,"Gomezchester, NH"
729,Daniel Fox,5,F,"Sarahville, FM"
730,Thomas Harris,65,F,"South Jeffrey, NE"
731,Mitchell Sellers,60,F,"Lindsaymouth, ND"
732,Erica Johnson,82,M,"Stephenland, AL"
733,Sylvia Schroeder,45,M,"Rogersfort, PR"
734,Shannon Yu,42,F,"Smithview, NY"
735,Tom Foster,47,F,"Gregoryview, AZ"
736,Eric Taylor,56,F,"Arnoldchester, OH"
737,Travis Conner,23,F,"Johnville, VA"
738,Marie Thompson,63,F,"East Patrick, FL"
739,Melissa Mcfarland,34,M,"Taylormouth, MA"
740,Courtney Chapman,54,M,"South Elizabeth, MS"
741,Eric Barker,77,M,"South Jeffrey, NE"
742,Nicholas Rush,37,F,"East Courtneychester, PA"
743,Jenna Gamble,10,F,"Matthewview, OH"
744,Amanda Guzman,37,F,"New Thomas, MH"
745,Tracy Walker,77,Other,"Terryside, DC"
746,Taylor Taylor,21,Other,"Stevenmouth, TX"
747,Cynthia Haas,44,F,"South Christianport, MP"
748,Stephen Davis,45,Other,"New Ashley, MO"
749,Margaret Tanner,35,Other,"Reidstad, GA"
750,Derek Wright,9,Other,"Christinaside, WI"
751,David Rodriguez,51,F,"Patricialand, DC"
752,James Oconnor,86,M,"Ericmouth, CT"
753,Stacey Snyder,18,Other,"North Kellyfurt, UT"
754,Joshua Garcia,56,M,"New Rita, VI"
755,Sean Curtis,8,M,"Jacquelinemouth, CA"
756,Carla Jones,82,F,"East Michelle, AS"
757,Elizabeth Flores,49,Other,"South Colinstad, PA"
758,Angela Jackson,77,M,"North Kellyfurt, UT"
759,Nicholas Payne,57,F,"West Erik, UT"
760,Anna Wheeler,56,M,"Matthewfurt, KY"
761,Karen Johnson,17,Other,"South Angel, WA"
762,Carmen Preston,50,F,"Sanchezmouth, OK"
763,Brian Harris,35,M,"Lake Nicoleview, WI"
764,Michael Bowen,3,Other,"Chadbury, KY"
765,Deborah Campbell,63,Other,"Lake Jamesmouth, KY"
766,Anthony Armstrong,71,M,"North Brooke, TX"
767,Brittany Ward,33,Other,"New Thomas, MH"
768,Edward Stanley,27,Other,"Stephenland, AL"
769,Christina Johnson,88,F,"Gomezchester, NH"
770,Edgar Miller,15,M,"Lake Mark, WI"
771,Elizabeth Sanders,57,M,"West Harry, AL"
772,Matthew Davis MD,56,M,"West Elizabeth, MN"
773,Stephen Wood,40,Other,"Port Mikeside, FL"
774,Dennis Marshall,90,M,"Johnsonmouth, TN"
775,Derrick Brown,69,F,"Nicolebury, MN"
776,Mary Miller,20,Other,"Tinaborough, LA"
777,Joshua Arellano,89,Other,"East Jeffreymouth, AK"
778,Kristen Randall,46,Other,"Lake Yvettetown, CO"
779,Jennifer Nichols,15,M,"New Mariotown, DE"
780,Karen Keith,30,F,"Port Lindachester, MA"
781,Blake Orr,46,Other,"Matthewfurt, KY"
782,Kathryn Lester,47,F,"Ramseymouth, PW"
783,Megan Oliver,16,Other,"Thomasberg, IA"
784,Peter Thompson,8,F,"Sheilaville, FM"
785,Dr. Rhonda Martinez,61,Other,"Lake Ryanhaven, AS"
786,William Graham,52,Other,"Lake Mark, WI"
787,Lori Flowers MD,16,F,"Marshallshire, KY"
788,Suzanne Jones,9,F,"South Robertshire, ID"
789,James Nguyen,87,Other,"Port Mikeside, FL"
790,Jimmy Marks,16,Other,"Christinaside, WI"
791,Lisa Mills,75,M,"East Johnside, CA"
792,Jason Hernandez,16,F,"Karenview, WI"
793,Olivia Ayers,7,M,"East Patrick, FL"
794,Kristine Garcia,19,F,"Lake Larry, TN"
795,Joseph Cooper,20,F,"Tinaborough, LA"
796,James Washington,28,F,"East Patrick, FL"
797,Amanda Hill,36,M,"New Jillton, WA"
798,Lee Steele,25,Other,"Ramseymouth, PW"
799,Steve Rivera,35,M,"Alexanderchester, GU"
800,Patrick Mccall,38,Other,"Port Nicoleshire, MS"
801,Alicia Roth,11,Other,"Marshallshire, KY"
802,Douglas Vasquez,21,Other,"Lake Amberstad, IN"
803,Annette Melton,19,M,"Hunterborough, MI"
804,William Ramos,79,Other,"Port Loriport, CT"
805,Debra Butler,43,Other,"South Christianport, MP"
806,Chelsea Lewis,3,M,"Barbaraland, AZ"
807,Natalie Malone,82,Other,"North Brooke, TX"
808,Samantha Robertson,83,M,"East Johnside, CA"
809,Eric Hunter,73,F,"Port Tonyaton, MI"
810,Samuel Suarez,81,M,"Lake Michelle, NV"
811,Corey Whitaker,80,Other,"Howellshire, CT"
812,Danielle Bryant,82,F,"New Johnville, NH"
813,Michele Hill,31,Other,"New Ryanmouth, NE"
814,Kathy Reid,38,F,"Lake Mark, WI"
815,Andre Watson,88,M,"West Allison, PA"
816,Cassandra Harrell,56,F,"New Johnville, NH"
817,Hannah Martin,59,M,"North Charlesberg, ND"
818,Nicole Barker,77,M,"West Darrell, CT"
819,James Martin,40,Other,"Port Mikeside, FL"
820,Traci Vincent,51,M,"Ashleyton, RI"
821,Megan Adams,47,Other,"Vargastown, CO"
822,Alejandro Deleon,13,F,"Saramouth, LA"
823,Alexa Buck,59,M,"South David, FM"
824,Lindsay Smith,57,M,"Natashaport, IA"
825,Robert Torres,12,M,"Howellshire, CT"
826,Maria Coleman,49,Other,"Cindyville, VA"
827,Gregory King,31,M,"Kington, CO"
828,Michael Holloway,73,Other,"West Darrell, CT"
829,Brian Hunt,24,M,"Lake Michelle, NV"
830,Sarah Brooks,65,F,"Lake Michelle, NV"
831,Lisa Evans,39,F,"Robinsonshire, KY"
832,Arthur Mcneil,11,F,"Simsview, NV"
833,Shannon Green,58,M,"Whitemouth, IA"
834,Stephanie Evans,74,F,"Port Keith, CO"
835,Ralph Yoder,6,F,"Rivasside, NV"
836,Rebekah Greene,76,Other,"Brewerfort, NV"
837,Melanie Griffith,60,F,"Smithstad, ME"
838,Yolanda Green,1,M,"South Elizabeth, MS"
839,James Johnson,17,F,"Taylormouth, MA"
840,Laura Lee,46,F,"South Angel, WA"
841,Courtney Nichols,5,F,"Port Craig, KY"
842,Susan Powers,72,Other,"Sanchezfort, AS"
843,Sarah Pittman,46,Other,"Stephenland, AL"
844,Catherine Davis,9,F,"Simsview, NV"
845,David Stokes,57,Other,"Sarahborough, TN"
846,Catherine Frazier,79,Other,"North Brittany, MP"
847,Brandon Kelly,15,M,"Coxberg, NY"
848,Elizabeth French,50,F,"Arnoldchester, OH"
849,David Carter,71,F,"Evansshire, NE"
850,Julie Delacruz,18,M,"Port Loriport, CT"
851,Terry Jones,65,F,"Karenview, WI"
852,Kathryn Dillon,5,M,"Lindsaymouth, ND"
853,Edwin Brown,17,Other,"Kellieview, GA"
854,Brenda Gonzalez,60,Other,"Clarencebury, TX"
855,Keith Knox,19,Other,"Patricialand, DC"
856,Eugene Baldwin,17,F,"North Brittany, MP"
857,Katherine Welch,40,M,"Port Joshuahaven, MO"
858,Mark Smith,78,Other,"Nicolebury, MN"
859,Philip Jackson,75,F,"Simsview, NV"
860,Katherine Gallagher,65,Other,"Stephaniemouth, RI"
861,Lucas Schultz,90,Other,"Nicolebury, MN"
862,Vincent Reyes,60,M,"Kimberlychester, AS"
863,Curtis Watson,42,Other,"Tashatown, TX"
864,Frank Whitaker,53,Other,"Cherylhaven, AL"
865,Michael Sims,88,Other,"Port Lindachester, MA"
866,Michael Cooper,76,F,"North Brooke, TX"
867,James Chapman,83,Other,"Kingland, NJ"
868,Rodney Evans,29,Other,"Port Craig, KY"
869,Nicholas Carlson,74,F,"Samuelhaven, NV"
870,Stephen Cowan,67,Other,"Heidiberg, SC"
871,Steven Howard,79,F,"East Natalieland, CO"
872,Travis Hull,87,M,"South Colinstad, PA"
873,Darryl Acosta,73,Other,"Tashatown, TX"
874,Nicholas Lawrence,24,M,"West Justinchester, WY"
875,Jacob Santos,40,F,"Cabreraside, WI"
876,Shawn Scott,52,Other,"Lake Deniseville, AR"
877,Amber Vang,52,Other,"Carterbury, LA"
878,Martha Smith,78,F,"Wilsonland, MO"
879,Jennifer James,7,Other,"New Mariotown, DE"
880,Kara Hernandez,66,M,"Vargastown, CO"
881,Lorraine Turner,41,Other,"Robinsonhaven, NH"
882,Mary Nelson,67,F,"West Darrell, CT"
883,Breanna Rivas,22,F,"Port Nicoleshire, MS"
884,Nathan Wilson,43,Other,"West Jasonbury, TN"
885,Brian Gonzalez,86,Other,"West Elizabeth, MN"
886,Dennis Mills,82,Other,"North Brooke, TX"
887,Michael Phillips,78,F,"Sanchezfort, AS"
888,Jon Clark,31,F,"New Amanda, PW"
889,Erin Smith,38,M,"Nicolebury, MN"
890,Susan Conley,36,Other,"Chandlerville, IA"
891,Brittany Davis,88,Other,"Stephaniemouth, RI"
892,Misty Garcia,40,F,"Andersonport, MN"
893,David Hinton,71,Other,"South Dianeshire, NC"
894,John Garcia,36,M,"Matthewfurt, KY"
895,Andrew Roberts,86,Other,"Port Samantha, MI"
896,Emily Rodgers,50,F,"North Ricky, UT"
897,Peter Williams,18,F,"South Christianport, MP"
898,Mary Jackson,36,Other,"Carlshire, FM"
899,Jeffrey Howell,44,F,"Rogersfort, PR"
900,Anna Briggs,32,Other,"Robinsonhaven, NH"
901,James Rivers,27,M,"Smithstad, ME"
902,James Jefferson,34,Other,"West David, ND"
903,Mariah Robles,34,M,"South Patrickmouth, NC"
904,Michael Brown,78,Other,"East Jamestown, RI"
905,Caitlin Perry,30,M,"Port Keith, CO"
906,Rebekah Gregory,85,Other,"Lake Yvettetown, CO"
907,James Howard,81,M,"Port Craig, KY"
908,Michael Roberson,12,F,"Calderonton, AL"
909,Bianca Knapp,60,M,"West Elizabeth, MN"
910,Jason Williams,17,M,"Johnsonmouth, TN"
911,Ernest Bush,20,F,"Rogersfort, PR"
912,Patricia Ray,60,F,"Sanchezmouth, OK"
913,Vanessa Santiago,25,F,"Jamesview, NY"
914,Joseph Haynes,36,Other,"Michaelview, UT"
915,Matthew Wright,11,Other,"Matthewfurt, KY"
916,Michael Cruz,29,Other,"Joneston, FL"
917,Kristin Huerta,4,M,"West Ryan, TN"
918,Mason Moore,22,M,"Sheilaville, FM"
919,Sarah Booth,63,M,"East Davidchester, PA"
920,John Allen,37,M,"New Roberttown, CO"
921,Amber Walker,38,Other,"Port Loriport, CT"
922,Jennifer Young,13,F,"Johnfurt, DC"
923,Robert West,58,Other,"South Jeffrey, NE"
924,Jillian Wilson,67,F,"East Nathaniel, GA"
925,Matthew Garcia MD,64,F,"New Brooke, RI"
926,April Davis,24,M,"Calderonton, AL"
927,Lisa Torres,20,Other,"Jeffreyborough, FL"
928,Christine Powers,82,F,"West Brandon, AR"
929,Heidi Brown,23,M,"Wilsonland, MO"
930,Jesse Castro,43,F,"West Nicholasborough, NH"
931,Kara Sandoval,86,M,"East Jeffreymouth, AK"
932,Ashley Malone,78,Other,"New Ryanmouth, NE"
933,Glenn Gallegos,54,Other,"Kington, CO"
934,Dorothy Boyd,11,F,"Freemanbury, UT"
935,Amber Martin,12,M,"New Mariotown, DE"
936,Mitchell Griffith,61,F,"Mooreport, IL"
937,Levi Lopez,0,F,"Loribury, IN"
938,Jenna Bryant,30,F,"Port Alexandra, NV"
939,Michelle Rodriguez,34,F,"Ericside, VT"
940,Timothy Monroe,74,Other,"Matthewfurt, KY"
941,Patricia Hayes,1,F,"Rogersfort, PR"
942,Tina Taylor,46,Other,"South Aaron, MS"
943,Mr. Anthony Mcconnell PhD,7,Other,"Danielchester, GA"
944,Mr. Thomas Thompson,59,F,"West Allison, PA"
945,Monica Anderson,51,Other,"Karenview, WI"
946,Kyle Andrade,90,F,"Michaelmouth, KY"
947,Janice Petty,15,Other,"New Jasonview, DC"
948,Pamela Hill,47,Other,"South Lindseyside, CT"
949,Tracy Chavez,28,M,"Robinsonhaven, NH"
950,Jason Graves,19,F,"East Davidchester, PA"
951,Elizabeth Miles,77,F,"West Ryan, TN"
952,Michelle Walls,89,Other,"Snyderbury, FL"
953,Christina Weber,68,Other,"Whitemouth, IA"
954,Gregory Chambers,31,Other,"Evansshire, NE"
955,Miss Tina Gordon,76,M,"Perryborough, MP"
956,Erica Wilson,57,Other,"Jennyhaven, PA"
957,John Duncan,46,M,"Taylormouth, HI"
958,Jennifer Adkins,14,M,"Johnsonmouth, TN"
959,Donna Boone,64,M,"Matthewfurt, KY"
960,Kelly Johnson,68,M,"Lake Larry, TN"
961,Michael Gonzalez,41,Other,"Stevenmouth, TX"
962,Candace Mitchell,14,Other,"Lake Deniseville, AR"
963,Ryan Vaughn,74,F,"Juliechester, MH"
964,Paul Johnson,65,F,"Reidstad, GA"
965,Ashley Parrish,58,M,"Patricialand, DC"
966,Sharon Newton,53,F,"Taylormouth, HI"
967,Cynthia Mueller,7,Other,"North Johnfort, RI"
968,Donna Beck,86,F,"Garciatown, OK"
969,Jasmine Frye,2,F,"Brianshire, NJ"
970,Emily Arnold,0,Other,"Whitemouth, IA"
971,David Oliver,74,M,"Barbaraland, AZ"
972,Sheila Greer,54,F,"East Javier, NJ"
973,Michele Holland,8,Other,"Michaelview, UT"
974,Kimberly Morrison,8,F,"South Colinstad, PA"
975,Tracey Phillips,36,F,"East Carloston, VI"
976,Michael Lopez,17,Other,"Taylormouth, MA"
977,Jose Bennett,82,F,"West Erik, UT"
978,Justin Anderson,48,F,"South Monicafort, IN"
979,Dawn Rivera,48,M,"West Elizabeth, MN"
980,Brittney Hernandez,84,Other,"East Nathaniel, GA"
981,Anthony Randolph,83,F,"Danielchester, GA"
982,Mary Henry,22,Other,"Port Joshuahaven, MO"
983,Heather Bowers,67,M,"Taylormouth, MA"
984,Daniel White,28,M,"Evansshire, NE"
985,Jonathan Perry,2,F,"North Johnfort, RI"
986,Anna Walker,86,Other,"South Jeffrey, NE"
987,Gary Ward,54,Other,"Port Samantha, MI"
988,Paul Moreno,29,M,"Jeffreyborough, FL"
989,Samantha Zavala MD,44,M,"South Dianeshire, NC"
990,Jill Conway,24,Other,"Port Jaredborough, KS"
991,Lisa Haley,14,M,"Matthewview, OH"
992,Erica Moon,53,Other,"East Johnside, CA"
993,Janice Fernandez,2,M,"Lake Deniseville, AR"
994,Thomas Short,8,M,"New Staciemouth, UT"
995,Robert Griffin,4,F,"Katieburgh, PA"
996,Steven Lee,86,Other,"Port Keith, CO"
997,Tiffany Jackson,31,Other,"Barbaraland, AZ"
998,Kimberly Smith,51,F,"Port Richard, AR"
999,Michael Ayala,69,M,"Evansshire, NE"
1000,Jessica Garcia,7,M,"Karenview, WI"
